,Loss,Pixel Accuracy,Mean IoU,F1 Score
0,0.08945410698652267,0.41846989812077695,0.06859527820387246,0.10875630933860755
